{"count":1,"self":30864.7591936,"total":41146.6136382,"children":{"InitializeActuators":{"count":16,"self":0.0025249,"total":0.0025249,"children":null},"InitializeSensors":{"count":16,"self":0.0050532,"total":0.0050532,"children":null},"AgentSendState":{"count":3125089,"self":230.7219968,"total":425.6049286,"children":{"CollectObservations":{"count":10000288,"self":23.1308224,"total":23.1308224,"children":null},"WriteActionMask":{"count":10000288,"self":8.4434008,"total":8.4434010999999991,"children":null},"RequestDecision":{"count":10000288,"self":31.053206399999997,"total":163.3086955,"children":{"AgentInfo.ToProto":{"count":10000288,"self":26.719961599999998,"total":132.2554902,"children":{"GenerateSensorData":{"count":10000288,"self":86.0199232,"total":105.5355283,"children":{"RayPerceptionSensor.Perceive":{"count":10000288,"self":19.5156064,"total":19.5156057,"children":null}}}}}}}}},"DecideAction":{"count":3125089,"self":9823.4318848,"total":9823.4319506,"children":null},"AgentAct":{"count":3125089,"self":28.131007999999998,"total":28.7180172,"children":{"AgentInfo.ToProto":{"count":27824,"self":0.1545403,"total":0.5870092,"children":{"GenerateSensorData":{"count":27824,"self":0.37897739999999996,"total":0.4324689,"children":{"RayPerceptionSensor.Perceive":{"count":27824,"self":0.0534915,"total":0.0534915,"children":null}}}}}}},"AgentInfo.ToProto":{"count":158708,"self":1.2079829,"total":4.0904207999999995,"children":{"GenerateSensorData":{"count":158708,"self":2.4313271999999997,"total":2.8824378999999998,"children":{"RayPerceptionSensor.Perceive":{"count":158708,"self":0.4511108,"total":0.4511108,"children":null}}}}}},"gauges":{"Robot.CumulativeReward":{"count":186532,"max":1.99499965,"min":-2.18798614,"runningAverage":0.498583227,"value":0.934999943,"weightedAverage":0.511436164}},"metadata":{"timer_format_version":"0.1.0","start_time_seconds":"1774208517","unity_version":"6000.0.40f1","command_line_arguments":"C:\\Program Files\\Unity\\Hub\\Editor\\6000.0.40f1\\Editor\\Unity.exe -projectpath C:\\Users\\Daniel Bustos\\Desktop\\TFG\\TFG-Version_0.1 -acceptSoftwareTermsForThisRunOnly -useHub -hubIPC -cloudEnvironment production","communication_protocol_version":"1.5.0","com.unity.ml-agents_version":"4.0.0","scene_name":"E2_ObstaculosFijos.","end_time_seconds":"1774249664"}}