{"count":1,"self":11665.0156032,"total":36145.066898799996,"children":{"InitializeActuators":{"count":16,"self":0.0025766,"total":0.0025766,"children":null},"InitializeSensors":{"count":16,"self":0.0037118999999999997,"total":0.0037118999999999997,"children":null},"AgentSendState":{"count":6449303,"self":637.5152128,"total":1144.1916552,"children":{"CollectObservations":{"count":20637776,"self":59.5196736,"total":59.5196755,"children":null},"WriteActionMask":{"count":20637776,"self":21.887507199999998,"total":21.8875066,"children":null},"RequestDecision":{"count":20637776,"self":78.4419648,"total":425.26924349999996,"children":{"AgentInfo.ToProto":{"count":20637776,"self":71.7010304,"total":346.8272791,"children":{"GenerateSensorData":{"count":20637776,"self":224.6988288,"total":275.1262491,"children":{"RayPerceptionSensor.Perceive":{"count":20637776,"self":50.4274272,"total":50.4274284,"children":null}}}}}}}}},"DecideAction":{"count":6449303,"self":23243.738316799998,"total":23243.7384852,"children":null},"AgentAct":{"count":6449303,"self":78.898208,"total":79.7103673,"children":{"AgentInfo.ToProto":{"count":25397,"self":0.18865759999999998,"total":0.8121571,"children":{"GenerateSensorData":{"count":25397,"self":0.551404,"total":0.6234995,"children":{"RayPerceptionSensor.Perceive":{"count":25397,"self":0.072095499999999993,"total":0.072095499999999993,"children":null}}}}}}},"AgentInfo.ToProto":{"count":403060,"self":3.759232,"total":12.403397,"children":{"GenerateSensorData":{"count":403060,"self":7.321236,"total":8.6441651,"children":{"RayPerceptionSensor.Perceive":{"count":403060,"self":1.3229290999999999,"total":1.3229290999999999,"children":null}}}}}},"gauges":{"Robot.CumulativeReward":{"count":428457,"max":0.966,"min":-609.8051,"runningAverage":-0.133491218,"value":0.9395,"weightedAverage":-0.416832328}},"metadata":{"timer_format_version":"0.1.0","start_time_seconds":"1777845326","unity_version":"6000.0.40f1","command_line_arguments":"C:\\Program Files\\Unity\\Hub\\Editor\\6000.0.40f1\\Editor\\Unity.exe -projectPath X:\\TFG\\TFG-Version_1DiscoDuro","communication_protocol_version":"1.5.0","com.unity.ml-agents_version":"4.0.0","scene_name":"E4_RectificarColisiones","end_time_seconds":"1777881471"}}