{"count":1,"self":21889.6826368,"total":28428.3445224,"children":{"InitializeActuators":{"count":48,"self":0.0036181,"total":0.0036181,"children":null},"InitializeSensors":{"count":48,"self":0.0036138,"total":0.0036138,"children":null},"AgentSendState":{"count":8459153,"self":1479.285248,"total":1795.1134273999999,"children":{"CollectObservations":{"count":54363100,"self":154.65401599999998,"total":154.6540128,"children":null},"WriteActionMask":{"count":54363100,"self":54.8330432,"total":54.8330425,"children":null},"RequestDecision":{"count":54363100,"self":101.0292096,"total":106.3410992,"children":{"AgentInfo.ToProto":{"count":224508,"self":2.075618,"total":5.3118894999999995,"children":{"GenerateSensorData":{"count":224508,"self":3.2362716,"total":3.2362716,"children":null}}}}}}},"DecideAction":{"count":8459153,"self":3660.0639487999997,"total":4294.8710775,"children":{"RayPerceptionSensor.Perceive":{"count":54138592,"self":634.8069888,"total":634.8069859,"children":null}}},"AgentAct":{"count":8459153,"self":448.5192704,"total":448.51925459999995,"children":null},"AgentInfo.ToProto":{"count":6366,"self":0.0645637,"total":0.1377129,"children":{"GenerateSensorData":{"count":6366,"self":0.0731492,"total":0.0731492,"children":null}}}},"gauges":{"Robot.CumulativeReward":{"count":662958,"max":161.617188,"min":-90.03743,"runningAverage":-2.761177,"value":-10.0658484,"weightedAverage":5.533087},"GestorLogistico.CumulativeReward":{"count":6366,"max":39.1629753,"min":-8.938435,"runningAverage":17.2221832,"value":15.76013,"weightedAverage":19.2534161}},"metadata":{"timer_format_version":"0.1.0","start_time_seconds":"1779705711","unity_version":"6000.0.40f1","command_line_arguments":"C:\\Program Files\\Unity\\Hub\\Editor\\6000.0.40f1\\Editor\\Unity.exe -projectpath X:\\TFG\\TFG-Version_1DiscoDuro -acceptSoftwareTermsForThisRunOnly -useHub -hubIPC -cloudEnvironment production","communication_protocol_version":"1.5.0","com.unity.ml-agents_version":"4.0.0","scene_name":"E6_GestorRL","end_time_seconds":"1779734136"}}