{
    "name": "root",
    "gauges": {
        "GestorLogistico.Policy.Entropy.mean": {
            "value": 0.0870608538389206,
            "min": 0.0870608538389206,
            "max": 0.11216918379068375,
            "count": 44
        },
        "GestorLogistico.Policy.Entropy.sum": {
            "value": 440.3537902832031,
            "min": 440.3537902832031,
            "max": 563.8399658203125,
            "count": 44
        },
        "GestorLogistico.Gestor.TiempoMedioPaquete.mean": {
            "value": 47.22468734209197,
            "min": 46.77402891070965,
            "max": 48.47525606858464,
            "count": 44
        },
        "GestorLogistico.Gestor.TiempoMedioPaquete.sum": {
            "value": 186915.3125,
            "min": 180267.107421875,
            "max": 193073.9375,
            "count": 44
        },
        "GestorLogistico.Gestor.TiempoTotalEnSistema.mean": {
            "value": 78.22686647296615,
            "min": 76.6435724247535,
            "max": 81.76745158450704,
            "count": 44
        },
        "GestorLogistico.Gestor.TiempoTotalEnSistema.sum": {
            "value": 309621.9375,
            "min": 294643.4140625,
            "max": 326194.109375,
            "count": 44
        },
        "GestorLogistico.Gestor.PaquetesEntregados.mean": {
            "value": 1.0,
            "min": 1.0,
            "max": 1.0,
            "count": 44
        },
        "GestorLogistico.Gestor.PaquetesEntregados.sum": {
            "value": 3958.0,
            "min": 3790.0,
            "max": 4059.0,
            "count": 44
        },
        "GestorLogistico.Gestor.ColaPendiente.mean": {
            "value": 6.381758463870642,
            "min": 6.103166226912928,
            "max": 6.700946533640317,
            "count": 44
        },
        "GestorLogistico.Gestor.ColaPendiente.sum": {
            "value": 25259.0,
            "min": 23131.0,
            "max": 26745.0,
            "count": 44
        },
        "GestorLogistico.Environment.EpisodeLength.mean": {
            "value": 34.38028169014085,
            "min": 32.671140939597315,
            "max": 36.08148148148148,
            "count": 44
        },
        "GestorLogistico.Environment.EpisodeLength.sum": {
            "value": 4882.0,
            "min": 4732.0,
            "max": 4894.0,
            "count": 44
        },
        "GestorLogistico.Gestor.PaquetesPorEpisodio.mean": {
            "value": 27.528169014084508,
            "min": 26.046979865771814,
            "max": 29.22962962962963,
            "count": 44
        },
        "GestorLogistico.Gestor.PaquetesPorEpisodio.sum": {
            "value": 3909.0,
            "min": 3749.0,
            "max": 3969.0,
            "count": 44
        },
        "GestorLogistico.Gestor.EpisodioTerminadoPorOverflow.mean": {
            "value": 0.4507042253521127,
            "min": 0.35555555555555557,
            "max": 0.5241379310344828,
            "count": 44
        },
        "GestorLogistico.Gestor.EpisodioTerminadoPorOverflow.sum": {
            "value": 64.0,
            "min": 48.0,
            "max": 76.0,
            "count": 44
        },
        "GestorLogistico.Step.mean": {
            "value": 914987.0,
            "min": 699968.0,
            "max": 914987.0,
            "count": 44
        },
        "GestorLogistico.Step.sum": {
            "value": 914987.0,
            "min": 699968.0,
            "max": 914987.0,
            "count": 44
        },
        "GestorLogistico.Policy.ExtrinsicValueEstimate.mean": {
            "value": 7.538048267364502,
            "min": 7.053918838500977,
            "max": 7.971737861633301,
            "count": 44
        },
        "GestorLogistico.Policy.ExtrinsicValueEstimate.sum": {
            "value": 1070.40283203125,
            "min": 1001.656494140625,
            "max": 1136.1640625,
            "count": 44
        },
        "GestorLogistico.Environment.CumulativeReward.mean": {
            "value": 17.188463226170608,
            "min": 15.804646765625717,
            "max": 18.71153096269678,
            "count": 44
        },
        "GestorLogistico.Environment.CumulativeReward.sum": {
            "value": 2440.761778116226,
            "min": 2341.145259141922,
            "max": 2572.6459996700287,
            "count": 44
        },
        "GestorLogistico.Policy.ExtrinsicReward.mean": {
            "value": 17.188463226170608,
            "min": 15.804646765625717,
            "max": 18.71153096269678,
            "count": 44
        },
        "GestorLogistico.Policy.ExtrinsicReward.sum": {
            "value": 2440.761778116226,
            "min": 2341.145259141922,
            "max": 2572.6459996700287,
            "count": 44
        },
        "GestorLogistico.IsTraining.mean": {
            "value": 1.0,
            "min": 1.0,
            "max": 1.0,
            "count": 44
        },
        "GestorLogistico.IsTraining.sum": {
            "value": 1.0,
            "min": 1.0,
            "max": 1.0,
            "count": 44
        },
        "GestorLogistico.Losses.PolicyLoss.mean": {
            "value": 0.03562110730757316,
            "min": 0.025545801346500713,
            "max": 0.04584388127550483,
            "count": 42
        },
        "GestorLogistico.Losses.PolicyLoss.sum": {
            "value": 0.03562110730757316,
            "min": 0.025545801346500713,
            "max": 0.04584388127550483,
            "count": 42
        },
        "GestorLogistico.Losses.ValueLoss.mean": {
            "value": 15.02097520828247,
            "min": 13.041328048706054,
            "max": 18.074456405639648,
            "count": 42
        },
        "GestorLogistico.Losses.ValueLoss.sum": {
            "value": 15.02097520828247,
            "min": 13.041328048706054,
            "max": 18.074456405639648,
            "count": 42
        },
        "GestorLogistico.Policy.LearningRate.mean": {
            "value": 0.00024534253821916,
            "min": 0.00024534253821916,
            "max": 0.0002579834540055199,
            "count": 42
        },
        "GestorLogistico.Policy.LearningRate.sum": {
            "value": 0.00024534253821916,
            "min": 0.00024534253821916,
            "max": 0.0002579834540055199,
            "count": 42
        },
        "GestorLogistico.Policy.Epsilon.mean": {
            "value": 0.18178084,
            "min": 0.18178084,
            "max": 0.18599448,
            "count": 42
        },
        "GestorLogistico.Policy.Epsilon.sum": {
            "value": 0.18178084,
            "min": 0.18178084,
            "max": 0.18599448,
            "count": 42
        },
        "GestorLogistico.Policy.Beta.mean": {
            "value": 0.008179905915999996,
            "min": 0.008179905915999996,
            "max": 0.008600848551999999,
            "count": 42
        },
        "GestorLogistico.Policy.Beta.sum": {
            "value": 0.008179905915999996,
            "min": 0.008179905915999996,
            "max": 0.008600848551999999,
            "count": 42
        }
    },
    "metadata": {
        "timer_format_version": "0.1.0",
        "start_time_seconds": "1779705695",
        "python_version": "3.10.12 | packaged by Anaconda, Inc. | (main, Jul  5 2023, 19:01:18) [MSC v.1916 64 bit (AMD64)]",
        "command_line_arguments": "C:\\Users\\Daniel Bustos\\miniconda3\\envs\\mlagents\\Scripts\\mlagents-learn config/E6_GestorRL.yaml --run-id=E6_Gestor_v1 --resume",
        "mlagents_version": "1.2.0.dev0",
        "mlagents_envs_version": "1.2.0.dev0",
        "communication_protocol_version": "1.5.0",
        "pytorch_version": "2.1.2+cu118",
        "numpy_version": "1.23.5",
        "end_time_seconds": "1779734215"
    },